journeyID,description,ineventtabledata,chron order,journeydate
1,departed Hamburg  (Sat),no,1,5/13/1939
2,arrived Cherbourg,no,2,5/15/1939
3,"boarded in Cherbourg, not Hamburg; (have only self-reported names; no official list)",yes -- as St. Louis Cherbourg embarkation,3,5/15/1939
4,passed the Azores (Fri 8 am),no,4,5/19/1939
6,arrived Havana harbor ,no,6,5/27/1939
7,left Cuban waters,no,8,6/2/1939
8,anchored 4 miles off of Miami Beach,no,9,6/4/1939
9,departed en route Europe,no,10,6/6/1939
10,"reported at 40� Latitude, Northern Azores
",no,11,6/12/1939
11,arrived Antwerp; Belgium passengers took special train to Brussels,yes -- as AJDC relocation,12,6/17/1939
12,"In Atwerp, passengers going to The Netherlands boarded the Jan van Arkel",no,13,6/18/1939
13,"In Atwerp,passengers for England and France boarded the Rhakotis",no,14,6/18/1939
14,The Jan van Arkel arrived  Rotterdam (same day),yes -- as AJDC relocation,15,6/18/1939
15,The Rhakotis arrived Boulogne sur Mer,yes -- as AJDC relocation,16,6/20/1939
16,The Rhakotis arrived Southampton; passengers took special train to London,yes -- as AJDC relocation,17,6/21/1939
17,28 passengers disembark,yes -- as disembarkation,7,5/27/1939
18,death of passenger Moritz Weiler at sea,yes -- as death,5,5/23/1939
